dates,HEDG,HEDG_CVARB,HEDG_DEDSH,HEDG_EMMKT,HEDG_EQNTR,HEDG_EVDRV,HEDG_DISTR,HEDG_MSEVD,HEDG_MRARB,HEDG_FIARB,HEDG_GLMAC,HEDG_LOSHO,HEDG_MGFUT,HEDG_MULTI,SECT,SECT_CVARB,SECT_DEDSH,SECT_EMMKT,SECT_EQNTR,SECT_EVDRV,SECT_FIARB,SECT_GLMAC,SECT_LOSHO,SECT_MGFUT,SECT_MULTI
12/31/1993,100,100,100,100,100,100,100,100,100,100,100,100,100,#N/A N/A,#N/A N/A,#N/A N/A,#N/A N/A,#N/A N/A,#N/A N/A,#N/A N/A,#N/A N/A,#N/A N/A,#N/A N/A,#N/A N/A,#N/A N/A
1/31/1994,101.14,100.36,98.4,110.54,99.48,103.68,103.94,103.6,100.57,101.3,100.17,101.2,100.22,#N/A N/A,#N/A N/A,#N/A N/A,#N/A N/A,#N/A N/A,#N/A N/A,#N/A N/A,#N/A N/A,#N/A N/A,#N/A N/A,#N/A N/A,#N/A N/A
2/28/1994,97,100.51,100.37,109.28,99.72,103.52,103.59,103.71,100.13,99.27,94.51,98.7,101.42,#N/A N/A,#N/A N/A,#N/A N/A,#N/A N/A,#N/A N/A,#N/A N/A,#N/A N/A,#N/A N/A,#N/A N/A,#N/A N/A,#N/A N/A,#N/A N/A
3/31/1994,93.54,99.54,107.59,104.24,99.48,102.18,101.69,102.85,101.99,97.6,90.47,94.85,104.06,100,#N/A N/A,#N/A N/A,#N/A N/A,#N/A N/A,#N/A N/A,#N/A N/A,#N/A N/A,#N/A N/A,#N/A N/A,#N/A N/A,#N/A N/A
4/30/1994,91.91,97.03,108.97,95.53,99.73,101.51,100.97,102.26,101.01,97.4,89.03,93.37,104.95,102.58,#N/A N/A,#N/A N/A,#N/A N/A,#N/A N/A,#N/A N/A,#N/A N/A,#N/A N/A,#N/A N/A,#N/A N/A,#N/A N/A,#N/A N/A
5/31/1994,93.96,96.04,111.42,94.83,99.62,101.36,100.12,102.97,101.26,98.17,92.41,93.9,105.75,99.02,#N/A N/A,#N/A N/A,#N/A N/A,#N/A N/A,#N/A N/A,#N/A N/A,#N/A N/A,#N/A N/A,#N/A N/A,#N/A N/A,#N/A N/A
6/30/1994,93.2,96.24,118.49,95.28,100.32,101.23,99.17,103.82,101.44,97.78,91.56,91.73,110.14,102.59,#N/A N/A,#N/A N/A,#N/A N/A,#N/A N/A,#N/A N/A,#N/A N/A,#N/A N/A,#N/A N/A,#N/A N/A,#N/A N/A,#N/A N/A
7/31/1994,93.53,96.37,117.09,100.82,99.32,101.78,100.96,102.82,102.02,97.6,91.24,92.91,109.03,100.3,#N/A N/A,#N/A N/A,#N/A N/A,#N/A N/A,#N/A N/A,#N/A N/A,#N/A N/A,#N/A N/A,#N/A N/A,#N/A N/A,#N/A N/A
8/31/1994,96.12,96.33,110.46,117.37,98.34,102.61,103.02,102.08,103.74,97.51,93.75,94.43,108.74,97.05,#N/A N/A,#N/A N/A,#N/A N/A,#N/A N/A,#N/A N/A,#N/A N/A,#N/A N/A,#N/A N/A,#N/A N/A,#N/A N/A,#N/A N/A
9/30/1994,96.76,95.18,112.2,123.47,97.42,103.38,104.16,102.41,104.13,98.19,93.98,94.67,110.95,96.43,#N/A N/A,#N/A N/A,#N/A N/A,#N/A N/A,#N/A N/A,#N/A N/A,#N/A N/A,#N/A N/A,#N/A N/A,#N/A N/A,#N/A N/A
10/31/1994,95.45,93.89,111.74,119.14,97.06,102.63,103.8,101.12,104.34,99.06,91.89,94.93,112.26,97.96,#N/A N/A,#N/A N/A,#N/A N/A,#N/A N/A,#N/A N/A,#N/A N/A,#N/A N/A,#N/A N/A,#N/A N/A,#N/A N/A,#N/A N/A
11/30/1994,95.84,93.73,115.13,117.45,96.77,101.54,101.31,101.64,104.98,99.74,93.81,92.22,114.11,95.3,#N/A N/A,#N/A N/A,#N/A N/A,#N/A N/A,#N/A N/A,#N/A N/A,#N/A N/A,#N/A N/A,#N/A N/A,#N/A N/A,#N/A N/A
12/31/1994,95.64,91.93,114.91,112.51,98,100.75,100.67,100.62,105.25,100.31,94.28,91.9,111.95,97.1,#N/A N/A,#N/A N/A,#N/A N/A,#N/A N/A,#N/A N/A,#N/A N/A,#N/A N/A,#N/A N/A,#N/A N/A,#N/A N/A,#N/A N/A
1/31/1995,93.76,91.36,116.42,101.28,98.46,101.26,101.11,100.89,106.94,100.58,91.95,91.22,111.86,99.44,#N/A N/A,#N/A N/A,#N/A N/A,#N/A N/A,#N/A N/A,#N/A N/A,#N/A N/A,#N/A N/A,#N/A N/A,#N/A N/A,#N/A N/A
2/28/1995,94.18,92.44,113.81,93.3,99.39,103.7,104.03,102.87,108.95,101.23,92.01,93.99,110.44,99.67,#N/A N/A,#N/A N/A,#N/A N/A,#N/A N/A,#N/A N/A,#N/A N/A,#N/A N/A,#N/A N/A,#N/A N/A,#N/A N/A,#N/A N/A
3/31/1995,97.46,93.66,114.24,88.16,102.29,104.58,107.07,101.6,109.64,100.78,97.49,94.75,120.89,101.52,#N/A N/A,#N/A N/A,#N/A N/A,#N/A N/A,#N/A N/A,#N/A N/A,#N/A N/A,#N/A N/A,#N/A N/A,#N/A N/A,#N/A N/A
4/30/1995,98.87,95.8,113.82,94.55,104.61,106.78,110.05,104.08,109.15,102.82,98.38,96.04,120.49,103.25,#N/A N/A,#N/A N/A,#N/A N/A,#N/A N/A,#N/A N/A,#N/A N/A,#N/A N/A,#N/A N/A,#N/A N/A,#N/A N/A,#N/A N/A
5/31/1995,99.87,97.38,112.4,95.82,105.04,107.99,112.21,104.58,109.82,104.89,99.35,97.99,114.83,101.96,#N/A N/A,#N/A N/A,#N/A N/A,#N/A N/A,#N/A N/A,#N/A N/A,#N/A N/A,#N/A N/A,#N/A N/A,#N/A N/A,#N/A N/A
6/30/1995,100.24,99.23,104.63,96.57,106.64,109.39,114.82,104.51,112.09,105.44,98.67,101.43,108.24,103.8,#N/A N/A,#N/A N/A,#N/A N/A,#N/A N/A,#N/A N/A,#N/A N/A,#N/A N/A,#N/A N/A,#N/A N/A,#N/A N/A,#N/A N/A
7/31/1995,103.01,100.08,98.42,98.71,107.23,111.85,119.26,105.25,113.84,106.62,100.88,106.65,111.54,103.14,#N/A N/A,#N/A N/A,#N/A N/A,#N/A N/A,#N/A N/A,#N/A N/A,#N/A N/A,#N/A N/A,#N/A N/A,#N/A N/A,#N/A N/A
8/31/1995,109.19,100.85,99.23,99.68,107.96,113.57,120.41,107.98,114.52,107.44,111.57,109.06,111.18,104.17,#N/A N/A,#N/A N/A,#N/A N/A,#N/A N/A,#N/A N/A,#N/A N/A,#N/A N/A,#N/A N/A,#N/A N/A,#N/A N/A,#N/A N/A
9/30/1995,109.6,101.98,96.32,101.55,107.34,115.69,122.28,110.73,115.83,108.56,111.79,110.27,100.78,105.98,#N/A N/A,#N/A N/A,#N/A N/A,#N/A N/A,#N/A N/A,#N/A N/A,#N/A N/A,#N/A N/A,#N/A N/A,#N/A N/A,#N/A N/A
10/31/1995,109.48,103.3,102.44,95.8,107.64,115.39,120.68,111.68,116.02,109.8,112.91,108.26,99.71,105.11,#N/A N/A,#N/A N/A,#N/A N/A,#N/A N/A,#N/A N/A,#N/A N/A,#N/A N/A,#N/A N/A,#N/A N/A,#N/A N/A,#N/A N/A
11/30/1995,112.92,105.69,101.45,92.8,107.95,116.69,122.22,112.46,117.97,111.65,118.41,110.74,99.44,107.77,#N/A N/A,#N/A N/A,#N/A N/A,#N/A N/A,#N/A N/A,#N/A N/A,#N/A N/A,#N/A N/A,#N/A N/A,#N/A N/A,#N/A N/A
12/31/1995,116.38,107.16,106.46,93.49,108.82,119.23,126.97,113.61,117.78,112.85,123.2,113.06,104,108.63,#N/A N/A,#N/A N/A,#N/A N/A,#N/A N/A,#N/A N/A,#N/A N/A,#N/A N/A,#N/A N/A,#N/A N/A,#N/A N/A,#N/A N/A
1/31/1996,124.49,109.38,107.13,100.84,111.1,123.39,132.17,117.59,118.98,114.46,136.09,115.29,106.93,109.03,#N/A N/A,#N/A N/A,#N/A N/A,#N/A N/A,#N/A N/A,#N/A N/A,#N/A N/A,#N/A N/A,#N/A N/A,#N/A N/A,#N/A N/A
2/29/1996,120.02,110.67,101.09,100.27,112.87,124.11,132.65,118.26,120.85,115.67,126.47,116.85,102.12,109.28,#N/A N/A,#N/A N/A,#N/A N/A,#N/A N/A,#N/A N/A,#N/A N/A,#N/A N/A,#N/A N/A,#N/A N/A,#N/A N/A,#N/A N/A
3/31/1996,121.29,112.33,100.21,99.34,114.73,125.63,134.38,119.79,121.61,116.56,128.01,118.26,102.23,109.25,#N/A N/A,#N/A N/A,#N/A N/A,#N/A N/A,#N/A N/A,#N/A N/A,#N/A N/A,#N/A N/A,#N/A N/A,#N/A N/A,#N/A N/A
4/30/1996,125.07,113.83,93.56,104.37,116.21,128.86,137.99,122.88,124.04,118.13,131.85,123.16,105.42,111.13,#N/A N/A,#N/A N/A,#N/A N/A,#N/A N/A,#N/A N/A,#N/A N/A,#N/A N/A,#N/A N/A,#N/A N/A,#N/A N/A,#N/A N/A
5/31/1996,127.48,115.64,93.58,109.08,117.54,131,139.5,125.75,125.39,119.42,134.47,125.78,103.32,113.32,#N/A N/A,#N/A N/A,#N/A N/A,#N/A N/A,#N/A N/A,#N/A N/A,#N/A N/A,#N/A N/A,#N/A N/A,#N/A N/A,#N/A N/A
6/30/1996,129.7,117.32,98.34,114.93,117.82,132.31,140.44,127.61,125.74,120.91,138.82,123.85,103.53,116.62,#N/A N/A,#N/A N/A,#N/A N/A,#N/A N/A,#N/A N/A,#N/A N/A,#N/A N/A,#N/A N/A,#N/A N/A,#N/A N/A,#N/A N/A
7/31/1996,124.34,118.91,108.01,111.85,118.53,132.63,139.98,128.37,127.06,122.53,129.14,119.14,103.63,118.64,#N/A N/A,#N/A N/A,#N/A N/A,#N/A N/A,#N/A N/A,#N/A N/A,#N/A N/A,#N/A N/A,#N/A N/A,#N/A N/A,#N/A N/A
8/31/1996,127.42,120.47,104.31,115.83,120.28,135.5,143.81,130.76,128.62,123.81,132.92,121.97,104.44,119.5,#N/A N/A,#N/A N/A,#N/A N/A,#N/A N/A,#N/A N/A,#N/A N/A,#N/A N/A,#N/A N/A,#N/A N/A,#N/A N/A,#N/A N/A
9/30/1996,130.61,121.82,98.12,117.65,121.87,138.52,147.89,132.96,131.39,125.63,136.92,125.02,107.8,120.67,#N/A N/A,#N/A N/A,#N/A N/A,#N/A N/A,#N/A N/A,#N/A N/A,#N/A N/A,#N/A N/A,#N/A N/A,#N/A N/A,#N/A N/A
10/31/1996,134.99,123.58,102.34,119.65,123.22,140.45,150.55,134.54,131.98,127.09,144.19,127.43,113.83,120.93,#N/A N/A,#N/A N/A,#N/A N/A,#N/A N/A,#N/A N/A,#N/A N/A,#N/A N/A,#N/A N/A,#N/A N/A,#N/A N/A,#N/A N/A
11/30/1996,141.8,125.25,99.33,122.76,125.68,144.02,155.99,137.08,132.57,128.58,155.91,131.34,118.62,121.16,#N/A N/A,#N/A N/A,#N/A N/A,#N/A N/A,#N/A N/A,#N/A N/A,#N/A N/A,#N/A N/A,#N/A N/A,#N/A N/A,#N/A N/A
12/31/1996,142.24,126.31,100.63,125.74,126.88,146.73,159.41,139.41,134.05,130.83,154.72,132.42,116.45,123.9,#N/A N/A,#N/A N/A,#N/A N/A,#N/A N/A,#N/A N/A,#N/A N/A,#N/A N/A,#N/A N/A,#N/A N/A,#N/A N/A,#N/A N/A
1/31/1997,150.04,127.61,98.76,137.63,130.9,150.1,163.27,142.66,135.77,132.76,167.42,137.04,119.94,125.79,#N/A N/A,#N/A N/A,#N/A N/A,#N/A N/A,#N/A N/A,#N/A N/A,#N/A N/A,#N/A N/A,#N/A N/A,#N/A N/A,#N/A N/A
2/28/1997,151.99,129.31,101.23,148.22,133.48,152.33,166.79,144.13,136.07,134.22,170.46,134.88,121.66,128.74,#N/A N/A,#N/A N/A,#N/A N/A,#N/A N/A,#N/A N/A,#N/A N/A,#N/A N/A,#N/A N/A,#N/A N/A,#N/A N/A,#N/A N/A
3/31/1997,149.84,130.53,109.36,147.07,131.95,152.6,167.42,144.24,135.5,135.19,166.76,131.82,120.5,129.42,#N/A N/A,#N/A N/A,#N/A N/A,#N/A N/A,#N/A N/A,#N/A N/A,#N/A N/A,#N/A N/A,#N/A N/A,#N/A N/A,#N/A N/A
4/30/1997,154.12,131.86,108.48,149.96,133.54,153.11,168.29,144.93,133.24,136.87,176.69,131.83,117.26,130.15,#N/A N/A,#N/A N/A,#N/A N/A,#N/A N/A,#N/A N/A,#N/A N/A,#N/A N/A,#N/A N/A,#N/A N/A,#N/A N/A,#N/A N/A
5/31/1997,155.48,134.08,101.43,154.41,137.58,157.57,174.1,148.82,134.98,138.25,173.12,138.61,116.37,131.58,#N/A N/A,#N/A N/A,#N/A N/A,#N/A N/A,#N/A N/A,#N/A N/A,#N/A N/A,#N/A N/A,#N/A N/A,#N/A N/A,#N/A N/A
6/30/1997,158.99,136.88,100.58,164.93,139.21,160.25,176.06,151.92,138.2,139.45,176.76,141.77,116.62,133.25,#N/A N/A,#N/A N/A,#N/A N/A,#N/A N/A,#N/A N/A,#N/A N/A,#N/A N/A,#N/A N/A,#N/A N/A,#N/A N/A,#N/A N/A
7/31/1997,170.11,139.77,94.22,175.58,143.75,165.99,182.28,157.89,139.87,140.97,194.67,151.73,123.26,134.62,#N/A N/A,#N/A N/A,#N/A N/A,#N/A N/A,#N/A N/A,#N/A N/A,#N/A N/A,#N/A N/A,#N/A N/A,#N/A N/A,#N/A N/A
8/31/1997,167.97,142.21,94.15,169.18,142.43,165.56,180.63,158.09,140.67,142.12,189.97,152.67,114.3,136.32,#N/A N/A,#N/A N/A,#N/A N/A,#N/A N/A,#N/A N/A,#N/A N/A,#N/A N/A,#N/A N/A,#N/A N/A,#N/A N/A,#N/A N/A
9/30/1997,174.68,143.68,91.02,173.89,145.01,169.7,185.99,161.68,142.75,143.75,198.76,161.69,118.45,139.59,#N/A N/A,#N/A N/A,#N/A N/A,#N/A N/A,#N/A N/A,#N/A N/A,#N/A N/A,#N/A N/A,#N/A N/A,#N/A N/A,#N/A N/A
10/31/1997,171.82,144.34,97.16,160.23,146.19,170.46,188.25,161.6,142.78,141.48,195.01,160.33,117.59,143.95,#N/A N/A,#N/A N/A,#N/A N/A,#N/A N/A,#N/A N/A,#N/A N/A,#N/A N/A,#N/A N/A,#N/A N/A,#N/A N/A,#N/A N/A
11/30/1997,173.54,143.16,100.01,152.61,145.63,172.72,191.72,163.16,144.34,142.04,201.76,158.38,116.79,145,#N/A N/A,#N/A N/A,#N/A N/A,#N/A N/A,#N/A N/A,#N/A N/A,#N/A N/A,#N/A N/A,#N/A N/A,#N/A N/A,#N/A N/A
12/31/1997,179.13,144.6,101.05,159.17,145.69,176.02,192.46,168.03,147.24,143.05,212.13,160.84,120.08,146.55,#N/A N/A,#N/A N/A,#N/A N/A,#N/A N/A,#N/A N/A,#N/A N/A,#N/A N/A,#N/A N/A,#N/A N/A,#N/A N/A,#N/A N/A
1/31/1998,176.96,145.82,99.99,149.78,147.01,179.07,199.7,167.69,146.44,141.85,207.51,159.35,121.12,146.99,#N/A N/A,#N/A N/A,#N/A N/A,#N/A N/A,#N/A N/A,#N/A N/A,#N/A N/A,#N/A N/A,#N/A N/A,#N/A N/A,#N/A N/A
2/28/1998,180.42,148.2,93.1,152.77,149.73,183.65,205.29,171.33,152.02,143,207.94,168.33,120.78,149.26,#N/A N/A,#N/A N/A,#N/A N/A,#N/A N/A,#N/A N/A,#N/A N/A,#N/A N/A,#N/A N/A,#N/A N/A,#N/A N/A,#N/A N/A
3/31/1998,191.14,150.31,90.85,158.31,152.68,188.2,207.9,177.87,155.64,145.3,229.06,176.8,122.06,151.59,#N/A N/A,#N/A N/A,#N/A N/A,#N/A N/A,#N/A N/A,#N/A N/A,#N/A N/A,#N/A N/A,#N/A N/A,#N/A N/A,#N/A N/A
4/30/1998,192.96,152.22,91.63,158.03,153.13,189.58,208.97,179.47,158.19,145.28,232.66,178.81,117.14,154.33,#N/A N/A,#N/A N/A,#N/A N/A,#N/A N/A,#N/A N/A,#N/A N/A,#N/A N/A,#N/A N/A,#N/A N/A,#N/A N/A,#N/A N/A
5/31/1998,193.47,153.21,101.61,142.58,155.14,187.31,206.03,177.49,158.55,144.98,240.51,175.79,120.95,156.22,#N/A N/A,#N/A N/A,#N/A N/A,#N/A N/A,#N/A N/A,#N/A N/A,#N/A N/A,#N/A N/A,#N/A N/A,#N/A N/A,#N/A N/A
6/30/1998,196.54,152.64,99.23,135.91,155.87,185.83,206.66,173.93,157.71,143.42,248.39,181.76,122.05,156.59,#N/A N/A,#N/A N/A,#N/A N/A,#N/A N/A,#N/A N/A,#N/A N/A,#N/A N/A,#N/A N/A,#N/A N/A,#N/A N/A,#N/A N/A
7/31/1998,198.3,153.43,101.93,136.02,155.71,185.91,207.47,173.46,157.12,144.11,252.85,182.86,120.68,157.68,#N/A N/A,#N/A N/A,#N/A N/A,#N/A N/A,#N/A N/A,#N/A N/A,#N/A N/A,#N/A N/A,#N/A N/A,#N/A N/A,#N/A N/A
8/31/1998,183.33,146.31,125.08,104.7,154.38,164.02,181.63,153.47,147.45,142,240.62,161.95,132.69,159.49,#N/A N/A,#N/A N/A,#N/A N/A,#N/A N/A,#N/A N/A,#N/A N/A,#N/A N/A,#N/A N/A,#N/A N/A,#N/A N/A,#N/A N/A
9/30/1998,179.1,141.59,118.85,96.95,155.84,159.16,179.03,146.2,146.49,136.69,228.29,167.57,141.8,160.4,#N/A N/A,#N/A N/A,#N/A N/A,#N/A N/A,#N/A N/A,#N/A N/A,#N/A N/A,#N/A N/A,#N/A N/A,#N/A N/A,#N/A N/A
10/31/1998,170.91,134.97,108.52,98.58,159.7,160.21,180.62,146.58,150.02,127.17,201.92,170.49,143.51,152.77,#N/A N/A,#N/A N/A,#N/A N/A,#N/A N/A,#N/A N/A,#N/A N/A,#N/A N/A,#N/A N/A,#N/A N/A,#N/A N/A,#N/A N/A
11/30/1998,173.23,137.75,100.79,103.19,163.06,164.64,186.34,150.11,153.08,129.14,199.73,176.87,140.92,155.75,#N/A N/A,#N/A N/A,#N/A N/A,#N/A N/A,#N/A N/A,#N/A N/A,#N/A N/A,#N/A N/A,#N/A N/A,#N/A N/A,#N/A N/A
12/31/1998,178.48,138.23,94.99,99.23,165.08,167.44,189.23,152.94,155.46,131.38,204.4,188.47,144.87,157.8,#N/A N/A,#N/A N/A,#N/A N/A,#N/A N/A,#N/A N/A,#N/A N/A,#N/A N/A,#N/A N/A,#N/A N/A,#N/A N/A,#N/A N/A
1/31/1999,179.91,141.37,88.17,96.33,166.22,170.58,193.44,155.66,153.11,133.88,198.52,197.84,140.32,160.38,#N/A N/A,#N/A N/A,#N/A N/A,#N/A N/A,#N/A N/A,#N/A N/A,#N/A N/A,#N/A N/A,#N/A N/A,#N/A N/A,#N/A N/A
2/28/1999,177.56,143.1,93.1,97.46,167.24,170.5,193.57,155.56,151.02,135.91,195.35,191.62,139.56,162.4,#N/A N/A,#N/A N/A,#N/A N/A,#N/A N/A,#N/A N/A,#N/A N/A,#N/A N/A,#N/A N/A,#N/A N/A,#N/A N/A,#N/A N/A
3/31/1999,179.73,144.59,91.45,104.7,169.49,174.58,199.17,158.37,154.89,137.73,191.45,198.83,138.07,162.76,#N/A N/A,#N/A N/A,#N/A N/A,#N/A N/A,#N/A N/A,#N/A N/A,#N/A N/A,#N/A N/A,#N/A N/A,#N/A N/A,#N/A N/A
4/30/1999,184.45,147.68,88.02,111.49,172.92,179.94,205.42,163.07,160.14,139.98,194.87,205.38,141.75,163.24,#N/A N/A,#N/A N/A,#N/A N/A,#N/A N/A,#N/A N/A,#N/A N/A,#N/A N/A,#N/A N/A,#N/A N/A,#N/A N/A,#N/A N/A
5/31/1999,184.69,150.47,88.4,110.12,175.41,183.85,210.41,166.1,164.09,141.21,194.77,203.69,137.6,163.86,#N/A N/A,#N/A N/A,#N/A N/A,#N/A N/A,#N/A N/A,#N/A N/A,#N/A N/A,#N/A N/A,#N/A N/A,#N/A N/A,#N/A N/A
6/30/1999,190.74,151.69,86.31,115.52,178.78,189.23,215.65,172.03,166.1,142.27,200.65,213.17,141.4,160.5,#N/A N/A,#N/A N/A,#N/A N/A,#N/A N/A,#N/A N/A,#N/A N/A,#N/A N/A,#N/A N/A,#N/A N/A,#N/A N/A,#N/A N/A
7/31/1999,191.24,153.35,86.29,113.73,181.75,191.72,219.87,173.19,166.36,142.97,196.81,216.45,140.38,162.12,#N/A N/A,#N/A N/A,#N/A N/A,#N/A N/A,#N/A N/A,#N/A N/A,#N/A N/A,#N/A N/A,#N/A N/A,#N/A N/A,#N/A N/A
8/31/1999,189.51,153.7,90.02,110.7,183.77,191.93,220.29,173.11,167.69,142.38,191.21,215.87,139.93,163.72,#N/A N/A,#N/A N/A,#N/A N/A,#N/A N/A,#N/A N/A,#N/A N/A,#N/A N/A,#N/A N/A,#N/A N/A,#N/A N/A,#N/A N/A
9/30/1999,188.9,155.84,91.59,109.98,184.17,193.92,224.11,173.3,171.31,143.43,185.12,217.16,142.46,163.79,#N/A N/A,#N/A N/A,#N/A N/A,#N/A N/A,#N/A N/A,#N/A N/A,#N/A N/A,#N/A N/A,#N/A N/A,#N/A N/A,#N/A N/A
10/31/1999,193.38,156.93,93.28,114,185.68,194.6,223.43,174.96,174.3,144.74,189.64,226.7,135.6,163.94,#N/A N/A,#N/A N/A,#N/A N/A,#N/A N/A,#N/A N/A,#N/A N/A,#N/A N/A,#N/A N/A,#N/A N/A,#N/A N/A,#N/A N/A
11/30/1999,202.98,158.97,87.24,124.59,188.58,198.57,226.89,179.74,175.21,145.87,197.99,245.55,134.9,168.38,#N/A N/A,#N/A N/A,#N/A N/A,#N/A N/A,#N/A N/A,#N/A N/A,#N/A N/A,#N/A N/A,#N/A N/A,#N/A N/A,#N/A N/A
12/31/1999,220.29,160.4,81.48,143.7,190.39,204.71,231.2,188.11,176.03,147.29,216.28,277.49,138.07,172.6,#N/A N/A,#N/A N/A,#N/A N/A,#N/A N/A,#N/A N/A,#N/A N/A,#N/A N/A,#N/A N/A,#N/A N/A,#N/A N/A,#N/A N/A
1/31/2000,220.07,164.55,84.53,141.51,193.1,205.76,232.18,189.34,176.3,148.08,211.04,278.94,138.08,175.97,#N/A N/A,#N/A N/A,#N/A N/A,#N/A N/A,#N/A N/A,#N/A N/A,#N/A N/A,#N/A N/A,#N/A N/A,#N/A N/A,#N/A N/A
2/29/2000,234.35,170.1,77.22,150.06,194.63,210.5,233.31,197.64,182.51,148.92,220.39,310.02,135.18,179.3,#N/A N/A,#N/A N/A,#N/A N/A,#N/A N/A,#N/A N/A,#N/A N/A,#N/A N/A,#N/A N/A,#N/A N/A,#N/A N/A,#N/A N/A
3/31/2000,229.39,175.99,72.63,154.71,198.99,211.77,233.67,199.98,182.6,148.7,214.98,297.68,133.41,183.16,#N/A N/A,#N/A N/A,#N/A N/A,#N/A N/A,#N/A N/A,#N/A N/A,#N/A N/A,#N/A N/A,#N/A N/A,#N/A N/A,#N/A N/A
4/30/2000,218.78,182.27,74.29,142.7,201.85,210.22,230.59,199.01,185.91,150.09,203.47,275.48,130.37,184.85,#N/A N/A,#N/A N/A,#N/A N/A,#N/A N/A,#N/A N/A,#N/A N/A,#N/A N/A,#N/A N/A,#N/A N/A,#N/A N/A,#N/A N/A
5/31/2000,216.22,185.81,78.85,136.8,204.8,210.27,230.6,198.95,187.18,150.12,208.19,265.97,131.13,186.46,#N/A N/A,#N/A N/A,#N/A N/A,#N/A N/A,#N/A N/A,#N/A N/A,#N/A N/A,#N/A N/A,#N/A N/A,#N/A N/A,#N/A N/A
6/30/2000,224.14,189.47,73.34,144.37,208.52,214.34,235.25,202.76,189.86,151.51,210.94,282.28,129.66,190.43,#N/A N/A,#N/A N/A,#N/A N/A,#N/A N/A,#N/A N/A,#N/A N/A,#N/A N/A,#N/A N/A,#N/A N/A,#N/A N/A,#N/A N/A
7/31/2000,224.39,192.23,75.97,145.21,211.08,215.41,234.69,204.73,192.86,152.35,214.76,280.49,127,189.87,#N/A N/A,#N/A N/A,#N/A N/A,#N/A N/A,#N/A N/A,#N/A N/A,#N/A N/A,#N/A N/A,#N/A N/A,#N/A N/A,#N/A N/A
8/31/2000,232,195.47,70.48,151.48,214.1,219.1,238.84,208.18,195.89,153.37,221.04,294.22,128.56,191.09,#N/A N/A,#N/A N/A,#N/A N/A,#N/A N/A,#N/A N/A,#N/A N/A,#N/A N/A,#N/A N/A,#N/A N/A,#N/A N/A,#N/A N/A
9/30/2000,231.05,199.41,77.45,141.19,213.81,220.44,238.1,210.87,197.86,154.52,219.11,292.12,124.26,192.31,#N/A N/A,#N/A N/A,#N/A N/A,#N/A N/A,#N/A N/A,#N/A N/A,#N/A N/A,#N/A N/A,#N/A N/A,#N/A N/A,#N/A N/A
10/31/2000,228.53,201.59,82.21,137.7,215.55,220.34,237.88,210.77,198.56,154.97,221.87,284.71,125.21,188.81,#N/A N/A,#N/A N/A,#N/A N/A,#N/A N/A,#N/A N/A,#N/A N/A,#N/A N/A,#N/A N/A,#N/A N/A,#N/A N/A,#N/A N/A
11/30/2000,224.99,200.64,93.52,132.69,216.16,218.65,235.36,209.34,199.12,156.06,229.92,273.88,133.57,189.28,#N/A N/A,#N/A N/A,#N/A N/A,#N/A N/A,#N/A N/A,#N/A N/A,#N/A N/A,#N/A N/A,#N/A N/A,#N/A N/A,#N/A N/A
12/31/2000,230.97,201.52,94.32,135.77,218.92,219.57,235.7,210.39,201.89,156.56,241.52,283.25,143.93,191.9,#N/A N/A,#N/A N/A,#N/A N/A,#N/A N/A,#N/A N/A,#N/A N/A,#N/A N/A,#N/A N/A,#N/A N/A,#N/A N/A,#N/A N/A
1/31/2001,233.15,206.93,92.97,141.67,223.58,224.98,242.51,215.02,205.74,158.79,249.53,281.6,143.88,195.04,#N/A N/A,#N/A N/A,#N/A N/A,#N/A N/A,#N/A N/A,#N/A N/A,#N/A N/A,#N/A N/A,#N/A N/A,#N/A N/A,#N/A N/A
2/28/2001,231.78,211.31,100.66,137.57,225.58,228.55,247.16,217.91,208.8,159.63,252,274.79,144.09,195.51,#N/A N/A,#N/A N/A,#N/A N/A,#N/A N/A,#N/A N/A,#N/A N/A,#N/A N/A,#N/A N/A,#N/A N/A,#N/A N/A,#N/A N/A
3/31/2001,231,214.31,104.66,135.8,227.66,228.82,250.56,216.06,209.49,160.02,258.9,269.47,151.12,195.69,#N/A N/A,#N/A N/A,#N/A N/A,#N/A N/A,#N/A N/A,#N/A N/A,#N/A N/A,#N/A N/A,#N/A N/A,#N/A N/A,#N/A N/A
4/30/2001,232.59,216.92,96.79,135.1,230.93,230.94,253.05,218.06,210.53,162.13,260.69,271.55,142.82,198.21,#N/A N/A,#N/A N/A,#N/A N/A,#N/A N/A,#N/A N/A,#N/A N/A,#N/A N/A,#N/A N/A,#N/A N/A,#N/A N/A,#N/A N/A
5/31/2001,234.51,218.41,94.15,138.33,232.41,233.49,259.17,218.68,213.28,162.97,266.28,272.63,144.01,199.41,#N/A N/A,#N/A N/A,#N/A N/A,#N/A N/A,#N/A N/A,#N/A N/A,#N/A N/A,#N/A N/A,#N/A N/A,#N/A N/A,#N/A N/A
6/30/2001,235.88,218.7,93.94,140.59,233.09,235.89,266.05,218.91,212.37,163.79,269.03,273.78,142.8,198.85,#N/A N/A,#N/A N/A,#N/A N/A,#N/A N/A,#N/A N/A,#N/A N/A,#N/A N/A,#N/A N/A,#N/A N/A,#N/A N/A,#N/A N/A
7/31/2001,235.83,221.07,97.83,136.44,233.6,237.01,268.7,219.21,213.81,165.28,270.89,271.82,143.02,200,#N/A N/A,#N/A N/A,#N/A N/A,#N/A N/A,#N/A N/A,#N/A N/A,#N/A N/A,#N/A N/A,#N/A N/A,#N/A N/A,#N/A N/A
8/31/2001,237.99,224.38,101.42,134.96,235.95,240.69,272.05,223.17,215.97,166.34,273.59,273.04,146.62,201.86,#N/A N/A,#N/A N/A,#N/A N/A,#N/A N/A,#N/A N/A,#N/A N/A,#N/A N/A,#N/A N/A,#N/A N/A,#N/A N/A,#N/A N/A
9/30/2001,236.01,226.04,104.37,129.05,235.84,236.98,269.91,218.97,210.24,166.64,276.79,268.76,151.97,200.87,#N/A N/A,#N/A N/A,#N/A N/A,#N/A N/A,#N/A N/A,#N/A N/A,#N/A N/A,#N/A N/A,#N/A N/A,#N/A N/A,#N/A N/A
10/31/2001,237.05,228.55,99.18,131.87,237.54,240.19,276.26,220.94,210.22,169.22,280.05,266.62,157.13,202.17,#N/A N/A,#N/A N/A,#N/A N/A,#N/A N/A,#N/A N/A,#N/A N/A,#N/A N/A,#N/A N/A,#N/A N/A,#N/A N/A,#N/A N/A
11/30/2001,238.33,230.17,93.78,137.09,239.49,242.22,278.35,222.94,211.93,168.76,279.02,269.56,143.58,202.93,#N/A N/A,#N/A N/A,#N/A N/A,#N/A N/A,#N/A N/A,#N/A N/A,#N/A N/A,#N/A N/A,#N/A N/A,#N/A N/A,#N/A N/A
12/31/2001,241.17,230.9,90.94,143.7,239.3,244.81,282.86,224.67,213.36,169.15,285.92,272.91,146.66,202.45,#N/A N/A,#N/A N/A,#N/A N/A,#N/A N/A,#N/A N/A,#N/A N/A,#N/A N/A,#N/A N/A,#N/A N/A,#N/A N/A,#N/A N/A
1/31/2002,242.47,233.48,91.87,147.66,239.58,247.71,287.32,227.1,213.97,170.9,293.46,271.27,144.8,202.39,#N/A N/A,#N/A N/A,#N/A N/A,#N/A N/A,#N/A N/A,#N/A N/A,#N/A N/A,#N/A N/A,#N/A N/A,#N/A N/A,#N/A N/A
2/28/2002,241.11,226.13,94.56,151.93,239.65,246.87,285.52,227.01,211.35,172.39,295,268.59,141.33,201.84,#N/A N/A,#N/A N/A,#N/A N/A,#N/A N/A,#N/A N/A,#N/A N/A,#N/A N/A,#N/A N/A,#N/A N/A,#N/A N/A,#N/A N/A
3/31/2002,242.89,226.08,89.4,157.93,241.57,249.8,289.02,229.7,213.47,173.48,294.43,271.04,140.05,203.25,#N/A N/A,#N/A N/A,#N/A N/A,#N/A N/A,#N/A N/A,#N/A N/A,#N/A N/A,#N/A N/A,#N/A N/A,#N/A N/A,#N/A N/A
4/30/2002,244.82,228.82,91.23,158.12,242.84,251.64,291.58,231.14,215.35,175.82,299.43,272.69,137.79,204.87,#N/A N/A,#N/A N/A,#N/A N/A,#N/A N/A,#N/A N/A,#N/A N/A,#N/A N/A,#N/A N/A,#N/A N/A,#N/A N/A,#N/A N/A
5/31/2002,246.47,229.35,92.32,156.96,245.97,251.93,292.12,231.34,215.42,178.36,301.77,274.87,142.63,206.61,#N/A N/A,#N/A N/A,#N/A N/A,#N/A N/A,#N/A N/A,#N/A N/A,#N/A N/A,#N/A N/A,#N/A N/A,#N/A N/A,#N/A N/A
6/30/2002,244.39,228.59,99.36,151.07,247.25,244.56,281.06,225.27,212.91,179.52,306.06,271.41,154.94,206.79,#N/A N/A,#N/A N/A,#N/A N/A,#N/A N/A,#N/A N/A,#N/A N/A,#N/A N/A,#N/A N/A,#N/A N/A,#N/A N/A,#N/A N/A
7/31/2002,241.1,225.04,103.74,149.27,251.79,236.97,269.06,219.89,207.09,181.46,312.64,263.39,164.42,204.82,#N/A N/A,#N/A N/A,#N/A N/A,#N/A N/A,#N/A N/A,#N/A N/A,#N/A N/A,#N/A N/A,#N/A N/A,#N/A N/A,#N/A N/A
8/31/2002,243.14,226.38,102.1,151.15,253.22,237.61,269.82,220.86,204.55,183.7,316.46,266.04,169.94,206.53,#N/A N/A,#N/A N/A,#N/A N/A,#N/A N/A,#N/A N/A,#N/A N/A,#N/A N/A,#N/A N/A,#N/A N/A,#N/A N/A,#N/A N/A
9/30/2002,243.33,229.48,110.37,148.16,253.14,237.14,269.15,220.59,203.41,181.61,318.85,264.79,176.92,208.27,#N/A N/A,#N/A N/A,#N/A N/A,#N/A N/A,#N/A N/A,#N/A N/A,#N/A N/A,#N/A N/A,#N/A N/A,#N/A N/A,#N/A N/A
10/31/2002,243.23,231.85,109.64,151.69,254.17,236.72,267.21,220.8,204.47,177.49,321.13,265.01,168.02,210.36,#N/A N/A,#N/A N/A,#N/A N/A,#N/A N/A,#N/A N/A,#N/A N/A,#N/A N/A,#N/A N/A,#N/A N/A,#N/A N/A,#N/A N/A
11/30/2002,245.89,236.31,103.18,155.09,254.95,242.8,277.65,225.32,204.9,176.55,325.07,266.53,164.51,214.07,#N/A N/A,#N/A N/A,#N/A N/A,#N/A N/A,#N/A N/A,#N/A N/A,#N/A N/A,#N/A N/A,#N/A N/A,#N/A N/A,#N/A N/A
12/31/2002,248.51,240.24,107.44,154.27,257.05,245.2,280.9,227.42,205.98,178.88,327.84,268.55,173.55,215.23,#N/A N/A,#N/A N/A,#N/A N/A,#N/A N/A,#N/A N/A,#N/A N/A,#N/A N/A,#N/A N/A,#N/A N/A,#N/A N/A,#N/A N/A
1/31/2003,251.68,247.49,104.51,153.58,257.84,250.76,289.66,231.92,205.17,181.14,334.49,268.36,184.08,218.39,#N/A N/A,#N/A N/A,#N/A N/A,#N/A N/A,#N/A N/A,#N/A N/A,#N/A N/A,#N/A N/A,#N/A N/A,#N/A N/A,#N/A N/A
2/28/2003,253.38,250.94,102.7,155.15,257.69,252.34,292.24,233.37,203.71,182.94,340.76,267.79,195.92,218.62,#N/A N/A,#N/A N/A,#N/A N/A,#N/A N/A,#N/A N/A,#N/A N/A,#N/A N/A,#N/A N/A,#N/A N/A,#N/A N/A,#N/A N/A
3/31/2003,254.04,253.32,103.96,156.7,259.73,254.88,295.73,235.82,203.16,183.7,338.52,268.93,183.97,220.28,#N/A N/A,#N/A N/A,#N/A N/A,#N/A N/A,#N/A N/A,#N/A N/A,#N/A N/A,#N/A N/A,#N/A N/A,#N/A N/A,#N/A N/A
4/30/2003,259.01,256.92,97.35,162.79,260.78,261.29,305.39,240.61,206.24,186,345.82,275.48,186.52,223.69,#N/A N/A,#N/A N/A,#N/A N/A,#N/A N/A,#N/A N/A,#N/A N/A,#N/A N/A,#N/A N/A,#N/A N/A,#N/A N/A,#N/A N/A
5/31/2003,266.04,261.45,92.04,170.95,263.97,267.43,312.33,246.32,211.51,188.38,356.07,285.62,196.11,228.08,#N/A N/A,#N/A N/A,#N/A N/A,#N/A N/A,#N/A N/A,#N/A N/A,#N/A N/A,#N/A N/A,#N/A N/A,#N/A N/A,#N/A N/A
6/30/2003,268.25,259.82,86.51,174.41,265.19,272.25,320.53,249.47,213.1,189.02,361.89,287.87,191.78,230.6,#N/A N/A,#N/A N/A,#N/A N/A,#N/A N/A,#N/A N/A,#N/A N/A,#N/A N/A,#N/A N/A,#N/A N/A,#N/A N/A,#N/A N/A
7/31/2003,268.47,258.92,84.73,175.38,266.99,274.83,324.18,251.48,214.13,187.17,361.51,288.65,186.51,231.39,#N/A N/A,#N/A N/A,#N/A N/A,#N/A N/A,#N/A N/A,#N/A N/A,#N/A N/A,#N/A N/A,#N/A N/A,#N/A N/A,#N/A N/A
8/31/2003,270.51,256.56,83.51,180.61,267.15,277.19,327.49,253.08,216.61,187.56,366.22,291.64,188.48,233.09,#N/A N/A,#N/A N/A,#N/A N/A,#N/A N/A,#N/A N/A,#N/A N/A,#N/A N/A,#N/A N/A,#N/A N/A,#N/A N/A,#N/A N/A
9/30/2003,274.61,261.62,83.16,185.4,269.97,282.18,334.74,256.81,218.67,189.73,377.36,295.18,185.46,237.01,#N/A N/A,#N/A N/A,#N/A N/A,#N/A N/A,#N/A N/A,#N/A N/A,#N/A N/A,#N/A N/A,#N/A N/A,#N/A N/A,#N/A N/A
10/31/2003,278.39,266,76.87,189.58,271.78,286.51,341.36,259.63,221.31,190.6,377.7,302.43,186.9,239.87,#N/A N/A,#N/A N/A,#N/A N/A,#N/A N/A,#N/A N/A,#N/A N/A,#N/A N/A,#N/A N/A,#N/A N/A,#N/A N/A,#N/A N/A
11/30/2003,281.39,269.33,75.42,191.8,272.69,289.98,345.49,263.11,222.25,191.6,379.77,307.56,187.9,241.99,#N/A N/A,#N/A N/A,#N/A N/A,#N/A N/A,#N/A N/A,#N/A N/A,#N/A N/A,#N/A N/A,#N/A N/A,#N/A N/A,#N/A N/A
12/31/2003,286.89,271.22,72.42,198.63,275.23,294.29,351.45,266.51,224.47,193.14,386.82,314.93,198.08,247.61,#N/A N/A,#N/A N/A,#N/A N/A,#N/A N/A,#N/A N/A,#N/A N/A,#N/A N/A,#N/A N/A,#N/A N/A,#N/A N/A,#N/A N/A
1/31/2004,291.78,275.06,71.17,203.66,277.48,300.64,359.94,271.86,226.33,195.51,392.42,321.22,200.23,251.58,#N/A N/A,#N/A N/A,#N/A N/A,#N/A N/A,#N/A N/A,#N/A N/A,#N/A N/A,#N/A N/A,#N/A N/A,#N/A N/A,#N/A N/A
2/29/2004,295.86,275.85,71.41,206.5,279.66,303.49,363.13,274.71,227.46,197.21,397.08,326.84,214.02,252.56,#N/A N/A,#N/A N/A,#N/A N/A,#N/A N/A,#N/A N/A,#N/A N/A,#N/A N/A,#N/A N/A,#N/A N/A,#N/A N/A,#N/A N/A
3/31/2004,296.7,277,69.58,210.27,279.34,304.86,365.26,275.5,229.11,196.25,400.95,327.5,212.17,253.59,#N/A N/A,#N/A N/A,#N/A N/A,#N/A N/A,#N/A N/A,#N/A N/A,#N/A N/A,#N/A N/A,#N/A N/A,#N/A N/A,#N/A N/A
4/30/2004,294.97,278.27,72.52,203.31,278.38,306.43,367.68,276.79,227.78,198.88,401.52,322.9,198.47,254.39,#N/A N/A,#N/A N/A,#N/A N/A,#N/A N/A,#N/A N/A,#N/A N/A,#N/A N/A,#N/A N/A,#N/A N/A,#N/A N/A,#N/A N/A
5/31/2004,294.29,274.58,73.07,199.64,278.96,306.72,368.62,276.55,228.78,200.14,401.71,321.73,196.39,254.06,#N/A N/A,#N/A N/A,#N/A N/A,#N/A N/A,#N/A N/A,#N/A N/A,#N/A N/A,#N/A N/A,#N/A N/A,#N/A N/A,#N/A N/A
6/30/2004,295.3,272.5,72.16,201.38,281.3,309.67,372.52,279.13,229.35,201.56,403.65,323.84,190.82,254.28,#N/A N/A,#N/A N/A,#N/A N/A,#N/A N/A,#N/A N/A,#N/A N/A,#N/A N/A,#N/A N/A,#N/A N/A,#N/A N/A,#N/A N/A
7/31/2004,294.38,271.96,78.02,201.1,282.18,309.68,374.46,278.19,225.86,202.98,406.98,319.24,187.1,253.54,#N/A N/A,#N/A N/A,#N/A N/A,#N/A N/A,#N/A N/A,#N/A N/A,#N/A N/A,#N/A N/A,#N/A N/A,#N/A N/A,#N/A N/A
8/31/2004,294.78,272.72,79.01,204.79,288.2,311.08,376.56,279.24,226.26,202.15,403.91,319.52,184.23,254.57,#N/A N/A,#N/A N/A,#N/A N/A,#N/A N/A,#N/A N/A,#N/A N/A,#N/A N/A,#N/A N/A,#N/A N/A,#N/A N/A,#N/A N/A
9/30/2004,297.77,272.53,77.5,209.57,289.75,315.02,381.21,283,227.69,200.57,401.95,327.06,187.85,256.02,100,100,100,100,100,100,100,100,100,100,100
10/31/2004,301.59,271.75,76.12,214.59,289.83,318.92,388.29,285.08,229.79,202.85,406.86,331.78,196.91,257.53,101.05,99.58,98.37,102.51,100.1,101.18,100.61,100.08,101.29,105.37,100.44
11/30/2004,309.58,274.68,70.25,220.36,290.58,329.36,398.66,296.15,233.63,205.13,416.69,342.53,208.39,262.96,103.07,100.24,90.89,104.71,100.48,104.2,101.27,101.34,103.58,110.18,102.35
12/31/2004,314.55,276.58,66.83,223.43,293.07,336.86,406.33,303.92,236.71,206.38,419.68,351.35,209.9,266.26,104.35,100.76,86.35,106.15,100.81,106.13,101.43,101.18,106.08,110.6,103.5
1/31/2005,313.49,274.38,71.48,225.95,294.11,337.54,408.55,303.7,236.49,206.57,422.59,348.4,198.58,266.28,103.83,100.04,91.19,106.71,101.53,105.54,101.76,101.66,105.82,104.28,102.88
2/28/2005,317.98,273.54,73.91,233.52,297.1,342.9,414.87,308.8,237.57,208.45,428.49,355.48,198.73,268.97,104.97,99.95,93.98,110.8,102.01,106.69,102.4,102.52,107.9,103.56,103.54
3/31/2005,317.49,269.07,76.47,229.14,298.37,344.87,417.57,310.46,237.79,209.02,430.69,351.43,199.47,269.29,104.63,98.68,96.79,107.81,101.94,107.06,102.9,102.06,107.07,103.45,103.59
4/30/2005,314.2,260.64,80.73,229.79,297.72,342.66,417.32,306.99,236.5,207.7,429.62,345.99,192.59,266.34,103.33,96.46,100.86,107.2,101.88,105.83,102.18,101.67,105.1,100.38,102.41
5/31/2005,314.66,256.59,75.96,231.34,296.7,344.56,417.88,309.73,237.26,205.13,429.91,347.74,199.57,263.86,103.82,95.7,95.74,106.86,101.99,106.01,101.26,101.76,106.8,103.97,102.11
6/30/2005,318.77,259.05,75.8,235.98,297.33,349,422.95,314.01,239.13,204.07,432.15,354.38,207.99,266.98,105.02,96.77,95.02,110.22,102.17,107.06,100.31,101.78,108.72,107.71,103.39
7/31/2005,324.9,263.48,74.54,241.4,298.3,356.91,429.91,322.95,240.22,206.11,436.65,363.86,209.61,273.01,106.51,98.17,92.82,113.31,102.5,109.02,101.03,101.69,110.92,108.09,105.52
8/31/2005,327.77,265.37,76.39,246.93,300.87,359.95,434.2,325.4,241.67,207.16,439.74,367.95,207.78,275.86,107.29,98.68,94.57,115.98,102.96,110.27,101.18,100.95,112.32,107.39,106.52
9/30/2005,333.1,268.3,78.68,257.11,303.57,363.81,439.6,328.66,242.22,207.4,450.41,375.39,210.64,280.31,109.01,99.7,96.36,123.37,103.25,110.93,101.84,102.75,115.08,108.84,107.82
10/31/2005,328.25,268.12,80.76,249.96,306.1,357.2,439.16,318.47,239.5,207.95,446.53,366.8,206.5,277.42,107.47,99.36,99.22,117.07,103.7,109.55,102.23,100.72,111.95,110.07,107.09
11/30/2005,333.11,266.96,79.75,256.03,306.64,361.76,446.31,321.74,241.93,206.74,451.35,374.95,215.11,281.02,108.52,98.88,96.05,120.2,104.31,110.61,101.71,100.72,113.97,113.68,107.58
12/31/2005,338.48,269.53,78.19,262.28,311.05,367.02,454.05,325.84,243.99,207.68,458.5,385.37,209.66,286.33,109.79,99.23,94.94,123.39,105.06,111.93,102.04,101.37,116.52,110.03,109.56
1/31/2006,349.4,276.95,75.86,277.4,315.41,377.73,465.48,336.65,247.96,210.63,473.94,401.47,215.35,294.23,112.69,101.7,91.28,131.84,106.48,114.81,102.96,103.01,121.22,110.17,112.19
2/28/2006,350.58,280.22,76.16,281.73,316.99,379.02,466.45,338.09,249.39,210.75,479.76,402.03,209.71,296.26,113.07,102.94,91.75,135.42,106.76,114.93,102.91,103.33,121.6,108.43,113.02
3/31/2006,356.97,284.38,73.63,285.6,322.11,384.69,474.53,342.65,251.81,211.95,484.86,411.88,218.27,302.34,114.91,104.33,89.34,137.65,108.06,116.69,103.61,102.95,124.74,111.89,115.2
4/30/2006,364.88,286.51,73.08,296.51,328.61,391.41,481.74,349.55,252.57,216.3,498.74,421.51,224.64,307.12,116.86,104.97,88.85,143.06,109.33,118.6,105.2,104.9,126.42,115.83,116.7
5/31/2006,360.14,288.69,77.02,281.64,331.3,391.07,483.62,348.03,252.2,218.05,495.75,409.55,218.57,306.78,115.45,105.37,93.5,137.9,109.42,118.67,105.55,103.96,122.18,114.29,116.67
6/30/2006,359.76,289.7,80.99,281.24,332.21,393.99,487.28,350.74,252.71,219.41,497.91,405.41,214.12,306.79,115.27,105.44,96.38,137.59,109.5,119.43,106.48,103.4,120.97,112.03,117.04
7/31/2006,360.79,291.98,83.33,286.84,336.39,394.14,486.84,351.11,253.87,219.94,504.7,405.21,208.92,307.37,115.29,106.07,99.22,139.59,110.65,119.95,106.4,103.03,120.67,109.04,117.22
8/31/2006,363.87,294.93,82.73,290.91,337.42,398.28,492.44,354.72,254.77,219.89,500.8,411.45,211.82,309.16,116.19,107.27,98.12,141,110.61,121.12,105.77,101.6,123.02,110.88,117.92
9/30/2006,364.34,298.32,80.16,289.61,338.11,400.65,494.91,357.16,255.32,219.85,500.88,411.8,209.38,310.16,116.2,108.23,95.64,139.34,110.64,121.88,105.4,100.41,123.17,110.66,118.33
10/31/2006,370.79,300.36,76.75,297.9,339.42,409.57,508.04,364.6,254.9,221.48,506.3,420.83,213,315.14,117.87,109.18,90.66,143.62,110.8,124.31,106.16,100.05,125.46,111.68,120.19
11/30/2006,378.47,303.55,72.56,307.29,342.72,418.12,516.11,373.3,262.58,224.06,513.57,431.79,217.73,322.25,119.91,110.11,88.29,147.51,111.11,127,106.45,101.07,127.94,114.42,122.18
12/31/2006,385.41,308.06,73.02,316.03,345.74,424.74,524.79,379.22,263.87,225.67,520.55,440.78,226.54,327.96,121.96,111.41,89.03,153.84,111.41,128.69,107.79,102.65,130.22,116.57,124.16
1/31/2007,390.53,311.75,74.11,316.29,347.85,433.5,533.76,388.44,264.4,225.95,527.26,445.86,231.67,333.53,123.56,112.35,89.82,152.69,111.88,131.96,108.13,103.13,131.91,118.46,126.39
2/28/2007,393.42,315.36,74.68,319.87,349.47,440.22,540.23,395.49,267.44,228.69,529.87,449.02,221.53,337.53,124.15,113.55,90.75,153.87,112.24,133.66,109.11,103.94,132.2,113.35,127.6
3/31/2007,398.28,317.5,74.22,326.14,355.24,445.79,547.11,400.47,270.9,230.74,536.26,457.41,215.9,340.3,125.57,114.02,89.93,155.28,113.7,135.4,109.45,105.11,135.07,109.7,128.54
4/30/2007,406.33,319.29,72.19,333.44,358.84,452.55,555.68,406.22,276.73,233.05,545.43,470.69,224.57,346.06,127.64,114.15,86.92,157.65,114.56,137.78,109.46,106.6,137.84,114.53,130.35
5/31/2007,415.71,323.1,70.6,339.19,361.53,467.21,567.24,423.72,276.84,233.62,555.18,481.56,236.1,353.99,129.72,115.45,84.33,159.52,115.3,141.53,106.09,107.39,140.62,120,132.38
6/30/2007,418.95,323.99,71.45,345.4,363.56,470.61,572.64,426.31,276.83,234.12,561.93,483.56,243.25,355.29,129.8,115.25,85.42,162.19,115.71,141.11,99.46,108.36,141.15,123.62,132.71
7/31/2007,418.93,320.38,76.55,354.22,365.03,475.16,571.24,433.99,278.01,229.52,567.32,480.24,231.6,354.38,129.4,113.06,90.92,167.75,115.81,140.86,100.29,109.04,139.27,118.92,132.49
8/31/2007,412.52,316.91,75.68,345.83,363.6,466.24,561.35,425.17,276.2,227.53,563.82,473.62,220.93,349.43,127.2,111.41,90.29,162.71,115.04,137.97,99.87,107.15,137.42,114.2,130.89
9/30/2007,423.68,323.14,71.94,362.34,368.34,473.7,567.75,432.89,285.08,231.74,586.95,489.3,232.27,355.63,130.19,113.49,86.48,172.07,116.35,139.95,101.37,109.21,141.3,119.51,133.2
10/31/2007,437.08,330.17,70.15,382.21,373.87,487.47,575.78,449.51,291.15,234.41,602.89,507.57,241.69,366.37,133.87,114.99,83.97,180.79,118,143.25,102.94,111.98,145.88,124.87,137.04
11/30/2007,431.81,325.28,77.38,375.13,375.97,479.29,568.28,440.8,288.83,233.82,601.87,498.88,239.39,362.21,132.3,112.51,92.09,176.72,117.04,140.74,104.23,113.05,143.23,124.35,134.81
12/31/2007,433.82,323.98,77.43,380.07,377.78,480.8,568.63,443.01,287.01,234.31,610.92,500.98,240.16,361.1,132.56,110.62,92.71,178.81,116.84,140.75,104.52,116.48,142.9,124.04,133.27
1/31/2008,427.4,322.26,81.83,369.91,380.4,469.06,558.96,429.98,286.73,234.97,638.05,480.67,250.08,354.58,130.11,109.69,97.53,169.26,115.3,137.63,105.41,123.02,135.35,129.12,130.38
2/29/2008,434.26,318.09,81.1,376.5,384.46,473.03,559.91,435.41,290.35,233.43,664.25,490.55,266.61,353.64,131.24,105.92,97.14,171.97,115.77,139.5,105.1,125.05,136.46,136.06,128.34
3/31/2008,425.1,299.22,85.04,364.09,384.5,464.91,554.07,425.78,295.04,218.43,652.97,480.43,265.19,346.94,128.08,97.38,101.36,163.68,114.52,137.32,103.01,120.23,133.44,135.66,125.23
4/30/2008,427.53,302.53,78.83,364.71,385.71,467.28,555.41,428.67,297.64,222.95,642.6,491,259.49,349.23,129.57,98.01,93.14,166.06,113.59,138.9,104.13,120.17,137.25,131.12,126.06
5/31/2008,436.07,307.08,79.51,372.5,389.96,476.12,563.74,438.08,297.11,225.76,654.18,505.31,263.22,353.43,132.03,99.75,94.11,168.85,113.82,141.93,105.4,123.02,140.25,133.55,127.75
6/30/2008,436.05,305.96,86.68,366.58,392.1,475.4,560.88,438.47,296.74,224.7,667.27,498.59,275.84,353.61,130.06,98.74,102.11,163.54,114.33,140.58,104.35,125.49,134.53,139.04,126.3
7/31/2008,424.68,299.4,89.26,356.17,391.87,463.36,546.34,427.38,295.57,223.86,649.67,481.48,264.25,344.89,126.25,96.52,106.41,156.9,114.14,135.57,103.45,121.34,130.63,132.75,122.93
8/31/2008,418.43,297.41,85.24,341.94,389.57,462.64,545.97,426.53,292.13,222.3,640.79,471.3,257.7,340.54,123.96,95.72,101.75,151.93,112.42,134.7,101.86,115.79,127.91,129.84,122.49
9/30/2008,391.02,260.96,80.06,311.39,384.09,436.03,517.69,400.2,281.93,207.19,598.28,434.47,256.24,315.52,113.37,78.34,85.53,134.51,111.25,123.64,93.44,104.98,115.59,131.37,111.96
10/31/2008,366.39,228.1,87.79,268.95,377.08,413.85,488.38,381.13,273.31,178.11,567.56,403.48,268.96,293.63,101.52,62.53,91.17,106.73,102.34,117.77,74.36,90.52,103.49,140.81,96.92
11/30/2008,351.2,223.82,90.46,263.92,224.54,400.56,463.96,372.86,273.26,168.13,576.3,397.78,277.61,280.04,98.19,60.17,92.92,101.33,90.05,114.46,65.78,87.75,102.6,145.2,92.26
12/31/2008,351.08,221.62,88.94,264.49,225.47,395.52,452.18,371.03,277.63,166.79,582.69,401.98,284.19,275.79,97.57,61.03,91.3,96.83,90.16,111.91,64.98,88.58,104.58,148.71,88
1/31/2009,354.92,234.29,92.22,264.12,228.05,398.64,451.93,375.97,278.68,167.59,596.27,401.28,282.61,285.03,97.32,63.91,92.22,94.08,88.45,112.46,63.84,90.86,102.14,147.94,90.02
2/28/2009,351.78,236.04,95.19,258.57,215.25,394.12,446.52,371.75,280.6,169.28,597.54,395.92,282.15,284.77,95.83,64.55,93.09,93.48,72.63,111.24,63.1,94.87,98.81,148.01,89.77
3/31/2009,354.08,238.73,89.98,264.36,217.61,394.76,447.05,372.35,285.22,172.23,597.7,403.27,276,285.84,96.8,65.47,90.76,98.29,76.18,111.31,63.28,94.98,100.88,144.4,89.41
4/30/2009,360.04,249.51,81.37,278.03,220.42,400.6,455.09,377.09,287.26,175.55,598.86,413.52,267.05,292.25,98.09,68.79,83.86,102.92,76.76,112.02,69.64,95.36,102.71,140.3,89.16
5/31/2009,374.66,264,80.92,297.37,228.42,417.5,473.99,393.34,292.57,183.16,607.68,435.16,269.33,304.75,101.21,72.63,82.03,110.93,78,115.83,70.15,97.09,106.41,142,91.52
6/30/2009,376.27,274.69,79.33,299.42,227.95,421.74,480.82,396.14,295.16,186.51,602.52,435,263.08,309.69,101.75,77.21,80.01,111.48,77.42,116.98,70.41,95.95,107.76,138.54,92.45
7/31/2009,385.82,290.63,73.57,310.89,232.02,431.56,491.62,405.7,298.46,193.31,613.24,448.02,261.96,318.96,103.96,80.18,75.13,113.99,77.73,120.44,71.12,96.84,111.19,138.67,93.98
8/31/2009,391.71,300.47,72.33,314.2,235.07,440.93,502.03,414.76,301.3,197.92,618.52,454.36,264.38,323.51,105.34,82.11,73.74,116.84,78.07,123.61,71.76,96.94,112.15,139.86,94.49
9/30/2009,403.62,310.19,68.52,329.73,237.33,453.69,519.01,425.21,306.11,203.4,635.64,469.03,272.24,332.76,108.02,85.01,70.44,123.9,77.76,127.78,72.88,98.76,115.06,143.46,94.85
10/31/2009,404.13,316.9,71.8,332.7,236.5,455.65,522.69,426.1,306.59,207.35,636.99,463.35,266.33,336.48,108.82,87.59,73.16,124.79,77.61,126.56,73.86,98.36,114.33,140.73,101.82
11/30/2009,412.64,319.45,69.65,337.25,236.68,465.51,533.54,435.72,309.76,210.9,659.42,472.24,279.5,339.7,111.86,93.25,82.01,126.38,77.54,130.96,74.56,102.23,115.49,146.26,105.34
12/31/2009,416.28,326.55,66.68,343.91,234.61,476.13,546.91,445,310.94,212.5,650,480.23,265.52,343.7,113.44,94.88,77.95,128.63,84.71,137.38,76.14,98.63,117.87,140.5,105.93
1/31/2010,416.98,329.73,66.86,341.28,234.84,482.88,557.97,449,312.19,216.79,656.95,473.03,255.41,345.64,115.08,95.81,79.15,133.8,84.17,137.92,76.89,106.32,116.36,136.74,106.76
2/28/2010,419.82,331.27,64.72,339.75,231.66,484.99,559.6,451.54,313.14,216.95,664.17,479.28,260.03,347.59,116.98,99.75,77.67,134.65,83.94,141.38,76.71,108.21,116.92,138.87,109.61
3/31/2010,429.14,338.08,60.44,352.95,232.91,498.81,574.39,465.39,315.29,220.08,666.71,493.63,271.08,352.6,119.11,101.54,74.15,138.89,84.03,145.06,77.47,107.29,120.19,142.75,111.58
4/30/2010,434.46,343.79,58.09,356.51,233.91,508.24,584.08,475.1,314.99,223.94,677.74,495.05,276.21,355.97,120.28,103.19,72.08,139.91,83.17,148.92,77.46,107.11,120.56,145.23,112.65
5/31/2010,422.45,335.15,61.48,341.24,226.18,492.63,569.45,458.31,310.2,222.17,673.49,474.61,265.09,348.18,116.79,101.08,76.22,131.67,81.56,142.69,77.28,107.06,115.64,143.06,110.72
6/30/2010,418.89,335.19,64.83,341.14,223.93,484.87,563.19,449.3,310.52,224.22,677.29,464.78,266.21,345.35,115.85,102.02,79.24,132.33,79.87,139.15,77.24,107.04,114.73,143.88,110.39
7/31/2010,425.54,342.62,62.55,353.15,227.68,492.44,569.38,457.84,315.51,226.92,681.7,476.53,262.23,351.1,117.65,103.68,76.22,136.92,79.07,141.72,77.42,109.04,116.85,142.01,111.19
8/31/2010,426.54,347.25,65.77,353.58,224.16,490.46,565.72,456.76,316.5,229.74,691.8,471.2,275,351.14,117.34,104.99,79.9,136.57,78.26,139.35,76.06,111.5,115.06,148.39,111.22
9/30/2010,441.18,351.09,58.35,370.46,232.36,506.16,577.45,475.17,323.82,233.3,710.64,495.2,282.62,360.93,121.31,105.73,73.77,145.97,79.41,147.13,76.69,112.59,119.88,150.49,112.72
10/31/2010,449.66,358.04,56.25,378.65,234.53,515.25,585.07,485.48,321.81,235.87,722.14,505.12,294.74,368.24,123.28,107.66,70.56,149.42,80.4,150.18,76.62,114.45,121.61,154.75,113.6
11/30/2010,448.83,358.17,54.92,377.23,228.64,516,586.99,485.66,317.18,237.62,718.41,507.43,282.63,369.35,122.01,107.5,68.48,147.52,78.61,150.29,77.31,110.58,121.2,149.44,112.71
12/31/2010,461.86,362.31,51.7,382.9,232.62,536.26,603.01,508.88,320.8,239.08,737.58,524.79,297.96,375.62,126.02,108.69,64.08,149.96,79.61,158.42,77.35,115.58,123.54,156.92,114.52
1/31/2011,465.04,370.13,51.27,381.42,236.79,545.93,614.44,517.74,323.67,243.09,731.91,526.19,295.53,383.06,126.19,110.62,64.67,148.18,80.79,160.05,78.21,112.45,124.65,154.93,116.06
2/28/2011,471.47,380.85,49.54,381.17,238.02,553.81,619.71,527.45,326.24,245.36,741.28,535.24,303.2,388.38,127.6,111.76,61.87,147.69,81.25,161.94,78.53,114.35,126.39,158.2,116.76
3/31/2011,472.05,378.54,48.66,389.26,240.66,552.38,619.08,525.51,328.18,244.6,742.41,536.76,294.82,391.46,127.9,112.01,60.74,150.45,86,160.59,78.32,115.76,126.86,153.62,117.08
4/30/2011,480.56,378.76,47.36,398.3,248.77,558.67,626.12,531.46,333.88,246.86,760.7,545.89,310.75,394.8,129.74,112.09,59.27,154.52,87.8,161.56,78.11,118.16,129.2,159.75,117.71
5/31/2011,475.96,378.84,48.4,393.9,246.21,555.28,626.17,526.26,330.37,247.39,755.94,536.73,296.95,394.62,127.78,112.01,61.14,152.01,86.74,159.11,77.98,115.12,127.46,155.01,117.32
6/30/2011,469.48,375.59,49.16,391.34,245.5,543.29,621.76,510.05,330.23,247.53,747.53,528.75,287.82,392.08,125.61,111.04,62.13,150.85,86.18,154.33,77.59,112.95,125.88,150.75,116.66
7/31/2011,472.71,375.05,50.64,397.87,245.05,539.07,620.13,504.58,327.69,248.9,766.42,526.58,299.42,394.47,125.72,110.77,63.97,154.31,85.49,151.9,77,115.1,124.6,157.22,116.57
8/31/2011,461.84,368.55,53.96,385.33,242.86,510.13,592.8,474.4,324.67,248.22,781.05,503.18,300.16,386.84,122.01,108.68,67.88,146.42,84.28,143.01,76.28,115.75,118,159.16,115.46
9/30/2011,447.06,362.04,58.52,356.55,237.48,484.31,573.38,445.23,319.39,247.76,780.51,476.91,297.81,377.67,117.88,106.92,75.35,134.28,80.61,134.71,75.73,113.27,113.49,159.17,114.94
10/31/2011,454.79,366.3,52.91,369.76,244.03,496.7,584.77,458.13,325.5,248.11,781.92,498.15,282.73,385.41,120.06,108.02,67.02,143.03,83.78,138.58,75.63,113.04,118.53,149.66,115.63
11/30/2011,451.21,364.12,52.82,359.83,244.26,491.48,577.75,453.68,324.62,249.34,781.7,490.78,283.23,381.98,118.19,107.36,68.68,135.53,82.07,136.3,75.63,111.21,116.31,150.23,115.5
12/31/2011,450.23,366.39,53.69,357.31,243.06,487.52,577.45,448.02,323.37,250.29,785.06,486.44,285.47,382.51,117.54,107.84,68.78,133.65,81,133.62,75.57,111.58,115.53,151.75,116.27
1/31/2012,460.75,375.04,49.62,370.67,243.48,501.19,591.33,461.58,326.5,253.22,794.64,505.45,288.74,391.97,120.3,110.35,63.77,142.05,82.39,137.69,76.15,112.47,119.44,153.66,117.37
2/29/2012,468.17,382.09,47.31,381.49,246.73,509.12,602.49,468.19,329.52,255.76,800.89,518.81,292.22,398.73,122.4,112.19,61.17,148.68,84.32,139.08,76.63,113.34,123.6,155.25,118.32
3/31/2012,468.4,384.21,46.67,378.82,246.35,513.13,611.41,470.28,330.12,257.65,797.48,521.41,283.56,400.51,122.32,112.51,60.77,145.52,84.69,138.61,76.84,113.43,125.22,151.08,118.27
4/30/2012,468.22,383.31,45.49,379.4,245.34,511.97,612.26,468.37,328.58,259.43,795.5,518.99,284.79,402.84,121.71,112.28,60.29,145.18,83.86,137.05,77.17,112.92,124.06,151.94,118.46
5/31/2012,461.99,380.1,49.6,365.03,237.54,505.19,604.64,461.99,323.56,260.05,797.05,495.5,291.58,398.13,119.65,111.57,65.21,135.02,80.16,135.55,77.24,111.93,118.79,155.43,118.2
6/30/2012,460.14,381.35,48.25,364.54,239.74,504.28,603.27,461.23,325.29,262.02,786.12,497.21,281.2,400.05,119.22,112,63.41,134.23,81.87,133.87,77.9,110.66,120.51,149.68,118.68
7/31/2012,466.68,384.64,48.04,368.05,238.79,508.03,608.99,464.26,323.62,266.27,802.96,499.94,294.37,405.18,120.97,112.91,64.34,135.95,82.11,134.19,78.86,114.48,120.94,156.45,120.09
8/31/2012,470.6,386.32,46,371.16,241.77,514.01,614.35,470.4,325.31,268.99,805.99,507.51,289.8,410.69,121.81,113.25,62.06,136.6,83.62,135.66,79.2,114.33,122.83,153.81,121.74
9/30/2012,475.5,387.86,44.26,379.37,243.12,522.57,625.27,478.03,326.65,272.37,810.82,515.48,285.82,413.98,122.98,113.64,60.33,142.19,84.57,137.77,79.54,114.18,124.93,151.89,122.44
10/31/2012,474.65,388.83,44.23,380.7,242.09,527.35,631.68,482.22,324.15,274.74,804.9,514.41,272.56,415.4,122.07,113.7,60.07,142.88,84.05,138.1,79.95,111.79,124.11,144.69,122.77
11/30/2012,477.7,389.69,44.04,384.88,243.04,528.91,633.32,483.71,327.55,276.05,810.7,518.16,274.15,419.56,122.28,114.04,59.49,144.58,84.61,137.16,80.05,111.93,124.76,145.67,123.42
12/31/2012,484.78,395.05,42.74,394.03,245.13,539.36,645.39,493.43,332.5,277.93,821,526.36,277.11,425.31,123.9,115.55,57.78,148.95,85.12,139.71,80.47,112.49,126.91,146.74,125.02
1/31/2013,494.8,402.98,40.51,407.63,250.02,550.95,656.28,505.21,332.4,280.87,828.24,545.01,284.52,434.11,126.21,117.68,55.25,154.39,87.29,142.65,80.89,112.8,131.88,150.36,126.03
2/28/2013,495.98,402.71,39.84,409.62,246.81,553.46,663.09,506.15,332.2,282.24,830.68,545.66,282.33,435.78,125.88,117.65,54.44,153.18,85.41,142.16,81.02,112.17,131.98,149.35,126.57
3/31/2013,501.99,405.62,39.08,411.86,246.93,565.13,677.57,516.69,333.51,283.95,838.74,553.2,287.24,438.49,127.34,118.36,53.6,152.7,84.03,145.5,81.27,113.23,133.8,151.49,127.39
4/30/2013,508.95,406.19,37.73,418.55,249.42,571.89,686.64,522.53,335.67,284.91,853.56,560.16,297.3,443.26,128.76,118.17,52.07,155.46,84.7,146.99,81.75,114.19,135.22,157.29,128.28
5/31/2013,511.08,411.46,37.16,417.71,250.41,584.9,702.95,534.2,338.34,284.94,853.12,566.83,282.49,444.9,128.8,119.73,50.98,154.83,83.88,149.28,81.17,113.24,137.13,150.93,128.38
6/30/2013,502.62,410.1,37.46,406.69,251.83,577.23,696.88,526.02,338.92,281.69,831.95,563.28,267.17,441.61,126.52,119.16,50.92,147.42,83.98,147.9,80.54,111.2,135.37,142.17,126.48
7/31/2013,507.05,409.77,35.31,406.32,256.91,585.97,706.01,534.49,342.29,282.77,834.14,574.28,264.33,446.74,127.46,118.67,47.85,147.53,85.06,150.74,80.45,110.81,138.55,140.42,127.04
8/31/2013,504.3,412.71,35.32,405.34,252.48,585.72,702.61,535.36,342.32,283.36,826.43,567.88,257,447.1,126.88,119.51,47.29,146.88,83.98,151.01,79.88,110.18,137.72,136.99,126.85
9/30/2013,510.72,413.68,33.37,410.52,254.77,594.22,712.28,543.34,345.1,284.8,833.36,582.87,256.62,453.46,128.16,119.3,45.02,149.05,84.26,152.83,79.58,110.58,142.47,136.73,127.19
10/31/2013,518.86,417.5,32.82,418.79,257.75,602.81,723.19,551.01,347.05,286.54,841.81,597.7,264.21,461.5,129.41,120.19,44.28,152.47,84.18,153.91,79.54,111.62,143.81,141.44,127.97
11/30/2013,525.65,416.65,32.33,423.33,264.42,612.92,734.37,560.62,347.41,287.96,850.48,608.75,269.74,465.48,130.95,119.64,43.33,154.69,83.96,157.47,79.57,112.09,146.13,144.34,128.97
12/31/2013,531.93,418.88,32.08,428.76,267.85,622.78,748.63,568.84,348.76,288.48,856.49,619.71,270.02,473.09,132.2,119.66,42.76,154.86,85.05,159.87,79.54,112.95,149.75,143.04,129.85
1/31/2014,530.41,427.65,31.73,419.01,268.07,624.57,751.63,570.18,350.48,291.36,847.46,619.23,260.78,476.9,131.22,122.87,42.83,151.14,85.15,161.38,79.66,110.96,147.18,137.3,130.51
2/28/2014,539.51,428.25,30.57,426.53,268.76,641.72,766.97,587.74,353.73,293.27,853.29,637.07,263.22,483.61,133.04,121.91,41.1,153.22,86.11,167.1,80,109.98,151.1,139.09,131.76
3/31/2014,536.9,429.2,30.74,420.1,267.18,640.82,771.6,584.93,351.31,294.47,851.21,629.51,258.43,482.34,131.75,122.36,41.59,152.57,85.27,165.11,80.02,109.04,147.39,136.68,132
4/30/2014,535.79,430.6,31.9,417.66,265.3,641,774.48,584.13,353.23,295.76,851.31,623.04,259.52,480.28,131.44,122.63,43.38,154.2,84.7,165,79.96,109.19,144.68,137.81,131.53
5/31/2014,541.85,428.37,31.55,423.3,264.58,647.84,785.72,589.36,355.22,297.1,860.02,632.42,267.54,484.57,132.62,121.58,42.84,156.78,83.97,165.86,79.94,110.12,146.7,142.51,132.54
6/30/2014,547.04,428.58,30.03,428.12,266.44,658.59,796.8,599.8,359.72,298.28,864.56,638.79,271.65,486.75,133.77,121.35,40.52,157.28,84.08,169.21,79.98,111.5,147.08,144.78,132.22
7/31/2014,545.35,428.83,30.63,430.06,264.57,654.68,795.28,595.21,354.68,299.16,864.47,632.62,268.86,487.4,133.28,121.55,41.75,160.9,82.95,166.34,79.92,111.99,146.14,143.49,132.08
8/31/2014,550.14,427.61,29.67,431.41,264.53,655.47,791.45,597.49,355.46,299.7,874.28,640.81,282.36,491.45,134.01,121.05,40.19,163.77,82.44,166.42,80.24,111.91,146.72,150.87,132.61
9/30/2014,550.08,424.66,31.06,432.03,263.78,646.51,785.88,587.63,350.15,300.96,879.02,639.67,287.23,496.28,133.52,120.55,42.55,164.24,81.5,161.86,80.39,112.32,145.97,153.27,134.17
10/31/2014,545.68,417.04,29.82,427.2,264.98,632.53,770.44,574.44,341.92,300.67,870.97,639.71,292.43,493.85,131.44,118.51,40.61,164.58,82.04,155.44,80.65,109.52,144.2,157.2,133.68
11/30/2014,553.85,416.64,30.01,434.5,266.49,636.04,771.52,578.65,343.87,301.29,885.36,651.78,314.37,499.86,133.32,118.29,41.18,167.63,82.96,156.78,80.65,110.47,146.45,169.33,135.56
12/31/2014,553.92,411.86,30.28,435.31,264.66,632.57,767.72,575.33,344.15,301.09,883.12,654.08,319.61,501.9,133.57,116.88,41.48,168.23,82.81,155.83,80.5,111.37,146.42,174.04,135.67
1/31/2015,558.39,410.99,30.85,438.18,263.69,626.22,759.68,569.65,341.24,298.66,906.87,655.94,338.86,507.86,134.18,116.56,42.52,170.29,82.4,153.77,80.52,112.63,145.91,185.76,136.71
2/28/2015,564.29,414.91,29.08,437.99,258.67,640.28,769,584.87,346.35,300.88,910.69,668.97,334.95,511.51,135.43,117.4,39.94,170.55,82,157.39,80.71,111.85,149.06,184.34,138.36
3/31/2015,567.67,413.77,28.99,441.25,258.13,642.61,769.71,587.67,346.49,300.65,922.56,666.13,342.99,516.89,136.01,116.88,39.77,172.85,82.05,157.96,80.25,111.86,149.57,188.85,139.2
4/30/2015,567.79,425.07,27.87,456.09,257,648.07,774.06,593.29,349.28,302.54,915.65,666.03,328.28,516.94,135.62,120.29,38.73,181.32,83.17,158.28,79.96,109.43,150.06,180.49,138.9
5/31/2015,572.48,427.29,27.64,457.79,259.57,653.55,776.43,599.47,352.99,303.99,922.18,680.34,325.51,520.31,136.39,120.69,38.13,181.35,83.41,159.75,79.99,110.59,151.56,177.73,139.13
6/30/2015,564.96,424.08,27.59,447.5,263.59,645.47,766.99,591.96,352.39,303.35,905.97,677.2,306.6,518.15,133.38,119.5,37.77,174.49,84.51,156.22,79.34,107.96,147.93,166.44,137.65
7/31/2015,569.89,419.68,28.66,438.51,265.06,646.64,761.35,595.08,349.72,304.26,917.43,687.49,319.88,523.33,134.64,118.29,39.2,174.2,85.48,155.59,79.99,109.73,149.95,173.94,139.48
8/31/2015,558.56,418.69,30.91,425.95,267.58,628.47,750.36,575.3,347.36,304.15,893.28,674.34,311.06,520.78,131.41,118.12,42.18,167.8,86.83,150.79,79.53,106.96,144.56,168.21,138.47
9/30/2015,550.69,417.63,32.39,422.56,269.24,606.85,740.05,551,342.81,302.78,879.28,666.78,319.99,518.55,130.07,117.88,44.16,167.78,87.93,146.46,79.54,106.05,142.16,172.54,138.33
10/31/2015,553.59,421.55,30.58,434.2,267.65,607.71,737.82,552.71,342.79,302.18,890.63,678.23,312.06,518.91,131.11,118.97,42.07,171.41,87.2,147.33,79.6,107.01,146.27,168.66,138.94
11/30/2015,554.72,418.46,29.58,434.87,264.89,600.59,732.25,545.34,341.11,302.41,903.19,677.4,323.71,520.09,130.7,118.04,40.69,168.83,86.12,144.87,79.97,107.07,146.05,175.08,138.69
12/31/2015,550.01,415.19,31,434.36,269.13,592.8,727.06,536.96,345.58,302.86,884.69,677.33,316.63,521.17,129.58,116.66,42.25,168.91,87.93,143.76,80.39,104.76,145.43,170.65,138.39
1/31/2016,542.25,407.03,33.94,419.39,265.97,574.75,717.18,516.96,347.62,300.57,879.69,658.51,329.36,518.66,127.5,114.89,46.57,161.35,87.84,139.12,80.74,104.15,138.22,180.18,138.35
2/29/2016,536.37,406.65,32.9,415.74,264.03,564.33,708.88,506.13,348.35,297.42,866.04,646.94,340.01,514.31,126.02,114.76,45.4,158.79,86.24,136.87,81.06,101.73,135.93,185.25,137.14
3/31/2016,537.9,413.57,30.72,429.01,268.15,566,712.9,507.01,352.92,299.17,864.94,651.28,330.39,518.13,125.05,115.91,42.49,162.51,86.7,135.48,80.11,101.71,136.72,177.1,134.41
4/30/2016,539.72,419.71,29.39,434.22,265.82,575.46,724.47,515.74,352.1,303.41,867.1,646.7,320.33,520.21,124.45,117.32,40.97,162.04,86.73,136.13,80.78,101.45,137.15,170.87,133.89
5/31/2016,541.65,422.15,29.2,433.29,266.38,581.3,730.29,521.46,353.8,303.76,865.14,655.63,310.09,525.09,124.72,117.67,40.98,161.04,86.49,138.61,80.26,100.86,139.15,165.61,135.84
6/30/2016,541.1,424.51,28.78,436.62,259.65,578.12,726.78,518.39,354.96,302.23,871.07,643.37,323.07,524.54,125.33,118.28,40.55,162.61,85.85,137.55,79.68,103.47,135.92,172.32,135.96
7/31/2016,547.3,430.8,26.46,444.43,261.89,586.93,734.54,527.31,356.95,305.48,873.61,651.73,328.26,530.14,127.21,119.91,38.38,166.02,86.57,139.83,80.66,104.38,139.72,175.01,137.01
8/31/2016,549.85,436.21,25.58,452.41,262.16,594.73,741.83,535.04,360.77,307.8,875.16,654.59,318.12,534.77,127.37,121.34,36.98,169.87,86.42,140.99,80.99,104.14,141.32,169.34,138.12
9/30/2016,550.53,440.76,25.31,454.97,263.79,595.24,746.79,534.24,363.14,310.11,876.13,655.45,312.64,537.92,127.54,122.68,36.5,170.64,87.29,141.86,81.53,104.57,142.08,165.77,138.62
10/31/2016,549.55,441.07,26.32,456.74,263.07,594.75,755.21,531.25,361.05,311.41,889.4,649.37,299.59,538.48,126.69,122.63,38.46,171.85,86.89,141.81,81.35,104.87,141.83,159.27,138.56
11/30/2016,551.55,440.89,25.68,454.54,258.1,601.31,763.29,537.24,363.77,312.98,906.56,648.54,294.38,535.69,125.93,122.27,37.42,170.47,85.38,143.61,81.21,102.55,142.17,156.47,137.99
12/31/2016,556.86,442.6,25.77,453.76,256.8,608.7,773.48,543.69,365.95,315.84,916.34,654.11,294.97,544.16,126.93,122.58,37.42,168.48,85.14,144.88,81.83,104.94,142.49,155.69,140.59
1/31/2017,560.76,448.42,25,463.45,261.97,616.89,783.04,551.43,365.87,318.88,913.8,661.45,290.69,548.54,127.55,123.83,36.75,171.86,86.4,146.92,82.99,104.64,145.81,152.62,140.59
2/28/2017,566.18,453.49,#N/A N/A,468.13,259.04,623.49,790.31,557.65,369.47,321.18,916.83,670.45,297.64,553.63,129.26,125.2,35.21,173.9,85.55,148.64,83.24,106.91,147.26,156.26,142.03
3/31/2017,568.41,452.55,#N/A N/A,473.13,262.28,624.89,790.7,559.37,370.36,323.16,918.57,676.73,291.96,559.17,129.29,124.9,35,176.28,86.76,147.41,83.36,107.76,148.54,153.19,142.66
4/30/2017,570.86,453.88,#N/A N/A,478.29,262.72,628.51,798.74,561.3,374.28,324.35,913.12,686.77,290.37,563.79,129.73,125.18,#N/A N/A,177.52,88.5,148.95,84,107.98,149.61,151.64,143.52
5/31/2017,575.53,454.27,#N/A N/A,482.2,261.98,634.57,803.18,567.83,378.49,327.21,908.65,698.78,291.63,572.25,130.83,125.04,#N/A N/A,179.26,89.11,149.04,85.02,109.2,151.92,151.76,144.91
6/30/2017,572.72,453.48,#N/A N/A,485.74,263.23,631.7,803.64,563.64,380.47,328.39,902.27,697.44,282.04,571.99,130.11,124.49,#N/A N/A,180.14,90.01,150.11,85.32,108.48,152.09,146.1,145.65
7/31/2017,580.54,459.02,#N/A N/A,495.97,272.37,639.54,809.08,572.07,386.94,331.24,914.36,710.67,285.67,576.38,132.09,125.6,#N/A N/A,183.84,92,151.89,86.38,111.78,155.62,147.47,145.29
8/31/2017,583.95,457.72,#N/A N/A,504.6,275,635.02,810.54,565.58,384.91,333.05,917.61,716.56,293.58,580.65,133.4,125.73,#N/A N/A,186.31,92.46,150.83,86.97,113.24,156.7,151.36,145.84
9/30/2017,583.06,460.76,#N/A N/A,512.83,274.77,637.45,816.15,566.91,386.8,329.1,918.74,718.31,285.77,579.87,132.39,126.01,#N/A N/A,187.27,91.67,150.67,85.13,112.62,157.36,147.2,145.08
10/31/2017,590.53,462.66,#N/A N/A,522.12,273.15,638.97,820.48,567.54,386.86,331.81,926.04,733.03,300.04,583.42,135.04,126.9,#N/A N/A,190.74,91.99,151.1,85.19,115.55,159.77,154.74,146.01
11/30/2017,591.12,460.22,#N/A N/A,524.64,271.95,637.24,817.35,566.41,384.88,333.41,926.78,735.7,299.76,584.12,135.1,125.77,#N/A N/A,190.8,92.06,150.51,85.97,116.63,159.52,154.35,145.19
12/31/2017,596.49,464.78,#N/A N/A,530.32,278.49,647.07,829.74,575.52,387.16,336.43,935.98,741.83,304.68,581.3,136.81,126.89,#N/A N/A,193.42,92.67,154.23,86.18,119.09,161.42,156.99,144.78
1/31/2018,612.67,473.24,#N/A N/A,549.23,284.24,657.47,841.16,585.5,391.43,339.35,965.26,764.92,318.88,598.09,141.82,129.16,#N/A N/A,201.15,94.61,155.79,87.49,125.82,167.37,166.05,146.65
2/28/2018,599.66,468.82,#N/A N/A,541.83,279.6,648.88,836.3,576.15,386.28,340.69,946.05,750.19,294.97,585.22,136.51,129.45,#N/A N/A,195.51,93.41,154.94,86.79,118.96,165.3,151,143.76
3/31/2018,599.28,468.67,#N/A N/A,536.68,280.53,645.46,832.7,572.86,384.91,342.33,941.31,749.31,294.18,590.93,135.9,128.48,#N/A N/A,194.04,94.66,153.43,87.1,118.5,163.42,150.17,143.71
4/30/2018,599.59,469.5,#N/A N/A,533.17,282.06,648.01,833.14,576.1,383.4,343.56,942.41,751.31,292.41,589.13,135.8,128.87,#N/A N/A,193.5,93.9,154.01,86.94,117.39,163.73,150.58,144.14
5/31/2018,601.24,466.85,#N/A N/A,534.08,279.03,651.39,831.74,580.72,384.47,340.83,956.94,754.15,289.19,591.27,135.81,127.34,#N/A N/A,195.16,93.81,155.48,86.05,117.03,165.28,148.19,145.1
6/30/2018,599.86,465.07,#N/A N/A,513.39,278.73,655.61,836.97,584.45,387.99,341.4,953.28,746.7,293.32,591.76,135.18,126.4,#N/A N/A,188.53,93.25,156.61,85.73,115.55,162.99,148.62,146.56
7/31/2018,602.02,466.97,#N/A N/A,514.14,278.72,659.69,844.56,587.7,386.54,342.84,955.08,757.37,290.02,589.75,134.67,126.57,#N/A N/A,187.76,92.65,157.14,85.99,115.25,163.37,145.99,146.03
8/31/2018,602.77,465.28,#N/A N/A,499.19,279.1,660.81,844.79,588.89,389.29,343.86,948.13,757.74,297.28,593.9,134.86,126.39,#N/A N/A,180.09,93.47,157.88,85.91,113.36,162.87,151.54,146.36
9/30/2018,603.39,469.33,#N/A N/A,492.42,278.07,662.36,843.55,591.13,391.17,344.59,951.45,758.17,295.17,597.53,135.01,126.79,#N/A N/A,180.22,93.1,158.27,86.09,114.49,162.86,149.81,147.01
10/31/2018,587.87,462.86,#N/A N/A,479.85,272.25,644.34,835.86,570.17,385.34,343.77,938.28,724.21,284.91,586.19,129.63,125.09,#N/A N/A,172.51,89.66,155.97,85.27,104.2,155.48,144.14,145.65
11/30/2018,584.42,462.3,#N/A N/A,482.68,260.55,641.71,833.09,567.33,387.65,341.77,932.11,725.46,282.09,578.39,128.46,124.5,#N/A N/A,175.33,86.02,154.32,84.91,102.54,153.84,143.31,144.75
12/31/2018,577.46,454.26,#N/A N/A,476.42,264.56,621.54,816.56,545.65,387.83,340.13,934.94,707.58,284.36,575.19,127.78,122.88,#N/A N/A,173.43,88.03,149.36,84.73,101.71,150.9,145.96,145.14
1/31/2019,587.68,467.28,#N/A N/A,494.2,268.28,637.21,826.48,562.84,393.38,343.83,944.84,732.59,279.12,580.78,130.51,125.88,#N/A N/A,181.58,90.06,152.39,85.67,106.65,156.73,143.12,146.36
2/28/2019,594.02,470.06,#N/A N/A,513.21,268.87,647.51,834.77,573.9,394.34,346.42,944.92,743.19,280.66,585.41,131.38,127.11,#N/A N/A,186.81,89.33,152.65,86.02,106.7,159.02,145.15,146.16
3/31/2019,600.5,471.45,#N/A N/A,515.54,271.29,652.35,834.15,580.37,395.24,347.59,959.35,745.42,293.49,592.53,134.27,127.04,#N/A N/A,189.11,89.74,152.95,85.73,112.4,159.46,153.5,147.37
4/30/2019,608.66,476.66,#N/A N/A,516.64,264.79,664.65,852.2,591.16,397.15,348.81,972.77,759.11,301.35,598.72,135.63,128.19,#N/A N/A,190.61,87.59,153.85,86.03,113.81,162.05,158.77,146.98
